{
    "US Technology": {
        "US Semiconductors": 5941.840000000001,
        "US Consumer Electronics": 3371.24,
        "US Software\u2014Infrastructure": 5024.08,
        "US Software\u2014Application": 1987.4700000000003,
        "US Information Technology Services": 635.9200000000001,
        "US Computer Hardware": 384.68000000000006,
        "US Semiconductor Equipment & Materials": 405.75,
        "US Electronic Components": 165.5,
        "US Communication Equipment": 188.07999999999998,
        "US Scientific & Technical Instruments": 138.10999999999999,
        "US Solar": 27.33,
        "US Electronics & Computer Distribution": 6.27
    },
    "US Consumer Discretionary": {
        "US Internet Retail": 2561.8999999999996,
        "US Auto Manufacturers": 1446.35,
        "US Home Improvement Retail": 571.8399999999999,
        "US Restaurants": 392.34999999999997,
        "US Travel Services": 279.69,
        "US Apparel Retail": 227.10000000000002,
        "US Footwear & Accessories": 160.62,
        "US Lodging": 170.17000000000002,
        "US Specialty Retail": 299.02,
        "US Residential Construction": 158.04999999999998,
        "US Resorts & Casinos": 70.94,
        "US Personal Services": 48.78000000000001,
        "US Packaging & Containers": 120.07,
        "US Gambling": 37.09,
        "US Luxury Goods": 17.16,
        "US Apparel Manufacturing": 32.980000000000004,
        "US Leisure": 36.800000000000004,
        "US Auto & Truck Dealerships": 46.03000000000001,
        "US Furnishings, Fixtures & Appliances": 35.33,
        "US Auto Parts": 41.23,
        "US Department Stores": 7.56
    },
    "US Communication Services": {
        "US Internet Content & Information": 4207.58,
        "US Entertainment": 912.4100000000002,
        "US Telecom Services": 623.14,
        "US Electronic Gaming & Multimedia": 181.99999999999997,
        "US Publishing": 56.019999999999996,
        "US Broadcasting": 75.57,
        "US Advertising Agencies": 27.43
    },
    "US Financials": {
        "US Financial Conglomerates": 1013.7,
        "US Banks\u2014Diversified": 1505.63,
        "US Credit Services": 1761.28,
        "US Asset Management": 947.4599999999998,
        "US Capital Markets": 791.6300000000001,
        "US Financial Data & Stock Exchanges": 569.72,
        "US Insurance\u2014Property & Casualty": 386.98,
        "US Insurance Brokers": 234.48,
        "US Banks\u2014Regional": 554.3000000000001,
        "US Insurance\u2014Life": 198.89000000000001,
        "US Insurance\u2014Diversified": 123.24000000000001,
        "US Mortgage Finance": 53.77,
        "US Insurance\u2014Specialty": 39.02,
        "US Insurance\u2014Reinsurance": 14.77,
        "US Shell Companies": 6.8
    },
    "US Consumer Staples": {
        "US Discount Stores": 1285.3899999999999,
        "US Household & Personal Products": 598.34,
        "US Beverages\u2014Non-Alcoholic": 580.0299999999999,
        "US Tobacco": 281.81,
        "US Confectioners": 106.5,
        "US Grocery Stores": 83.24,
        "US Food Distribution": 66.03,
        "US Packaged Foods": 225.78999999999994,
        "US Beverages\u2014Wineries & Distilleries": 48.09,
        "US Farm Products": 35.22,
        "US Beverages\u2014Brewers": 11.14
    },
    "US Healthcare": {
        "US Drug Manufacturers\u2014General": 2144.4100000000003,
        "US Healthcare Plans": 811.74,
        "US Diagnostics & Research": 739.3499999999998,
        "US Medical Instruments & Supplies": 452.15,
        "US Medical Devices": 705.72,
        "US Biotechnology": 572.2900000000001,
        "US Medical Care Facilities": 164.57,
        "US Medical Distribution": 164.32999999999998,
        "US Drug Manufacturers\u2014Specialty & Generic": 121.57,
        "US Health Information Services": 62.5,
        "US Pharmaceutical Retailers": 47.22
    },
    "US Energy": {
        "US Oil & Gas Integrated": 774.3799999999999,
        "US Oil & Gas E&P": 653.07,
        "US Oil & Gas Midstream": 572.8800000000001,
        "US Oil & Gas Equipment & Services": 141.5,
        "US Oil & Gas Refining & Marketing": 158.27,
        "US Thermal Coal": 21.53
    },
    "US Industrials": {
        "US Specialty Industrial Machinery": 1239.9899999999996,
        "US Farm & Heavy Construction Machinery": 397.31,
        "US Railroads": 277.82,
        "US Aerospace & Defense": 651.2800000000002,
        "US Staffing & Employment Services": 179.93,
        "US Integrated Freight & Logistics": 247.23000000000002,
        "US Waste Management": 210.11,
        "US Specialty Business Services": 162.77999999999997,
        "US Building Products & Equipment": 188.76,
        "US Electrical Equipment & Parts": 105.16999999999999,
        "US Rental & Leasing Services": 176.8,
        "US Industrial Distribution": 100.78000000000002,
        "US Engineering & Construction": 189.41000000000005,
        "US Airlines": 116.22,
        "US Trucking": 63.18000000000001,
        "US Consulting Services": 125.64,
        "US Tools & Accessories": 60.489999999999995,
        "US Business Equipment & Supplies": 15.54,
        "US Metal Fabrication": 35.260000000000005,
        "US Security & Protection Services": 13.07,
        "US Marine Shipping": 6.29,
        "US Pollution & Treatment Controls": 6.19
    },
    "US Utilities": {
        "US Utilities\u2014Regulated Electric": 714.9899999999998,
        "US Utilities\u2014Renewable": 76.87,
        "US Utilities\u2014Independent Power Producers": 87.68,
        "US Utilities\u2014Diversified": 357.95,
        "US Utilities\u2014Regulated Water": 34.36,
        "US Utilities\u2014Regulated Gas": 66.92999999999999
    },
    "US Real Estate": {
        "US REIT\u2014Industrial": 281.32,
        "US REIT\u2014Specialty": 329.35,
        "US REIT\u2014Healthcare Facilities": 144.68,
        "US REIT\u2014Retail": 173.45,
        "US REIT\u2014Office": 100.97,
        "US Real Estate Services": 86.63,
        "US REIT\u2014Diversified": 68.42,
        "US REIT\u2014Residential": 207.63,
        "US REIT\u2014Hotel & Motel": 18.67,
        "US REIT\u2014Mortgage": 25.990000000000002
    },
    "US Basic Materials": {
        "US Specialty Chemicals": 306.36,
        "US Copper": 132.13,
        "US Gold": 56.89,
        "US Agricultural Inputs": 76.79,
        "US Building Materials": 87.77,
        "US Chemicals": 112.03,
        "US Steel": 61.36,
        "US Aluminum": 9.65
    }
}